<?xml version="1.0" encoding="utf-8" standalone="no"?>
<module id="982ef8cd-d49b-4c62-b901-8554acb83beb">
	<name>You Wished For Adventure</name>
	<description>A first level adventure for DND 5e and Encounter+</description>
	<slug>you-wished-for-adventure</slug>
	<author>nabdo</author>
	<code></code>
	<category>adventure</category>
	<image>cover.png</image>
	<map id="9593833F-C030-4C91-8EB4-76127C7DF181" sort="4">
		<name>Map - Underground Cistern</name>
		<slug>map---underground-cistern</slug>
		<description></description>
		<gridSize>72</gridSize>
		<gridOffsetX>0</gridOffsetX>
		<gridOffsetY>0</gridOffsetY>
		<gridColor>#cccccc</gridColor>
		<gridVisible>NO</gridVisible>
		<scale>1.0</scale>
		<fogVisible>NO</fogVisible>
		<lineOfSight>YES</lineOfSight>
		<daylight>0.0</daylight>
		<image>under-the-cistern-dd2vtt_Ez6hA4.jpg</image>
		<video></video>
		<canvas>under-the-cistern-dd2vtt-canvas_959383.svg</canvas>
		<snapshot></snapshot>
		<fog></fog>
		<floor></floor>
		<marker>
			<name>Snake Pit</name>
			<label>C1</label>
			<color>#fdf6e3</color>
			<shape>pin</shape>
			<size>medium</size>
			<hidden>YES</hidden>
			<locked>YES</locked>
			<x>995</x>
			<y>1353</y>
			<content ref="/page/c1-snake-pit-starting-area" />
		</marker>
		<marker>
			<name>Dead Villagers</name>
			<label>C2</label>
			<color>#fdf6e3</color>
			<shape>pin</shape>
			<size>medium</size>
			<hidden>YES</hidden>
			<locked>YES</locked>
			<x>318</x>
			<y>1153</y>
			<content ref="/page/c2-dead-villagers" />
		</marker>
		<marker>
			<name>Cavern Junction</name>
			<label>C3</label>
			<color>#fdf6e3</color>
			<shape>pin</shape>
			<size>medium</size>
			<hidden>YES</hidden>
			<locked>YES</locked>
			<x>714</x>
			<y>822</y>
			<content ref="/page/c3-cavern-junction" />
		</marker>
		<marker>
			<name>Secret Tunnel</name>
			<label>C5</label>
			<color>#fdf6e3</color>
			<shape>pin</shape>
			<size>medium</size>
			<hidden>YES</hidden>
			<locked>YES</locked>
			<x>282</x>
			<y>640</y>
			<content ref="/page/c5-secret-tunnel-and-dead-end" />
		</marker>
		<marker>
			<name>Imprisoned Survivors</name>
			<label>C4</label>
			<color>#fdf6e3</color>
			<shape>pin</shape>
			<size>medium</size>
			<hidden>YES</hidden>
			<locked>YES</locked>
			<x>1012</x>
			<y>727</y>
			<content ref="/page/c4-imprisoned-survivors" />
		</marker>
		<marker>
			<name>The Cistern</name>
			<label>C6</label>
			<color>#fdf6e3</color>
			<shape>pin</shape>
			<size>medium</size>
			<hidden>YES</hidden>
			<locked>YES</locked>
			<x>686</x>
			<y>407</y>
			<content ref="/page/c6-the-cistern" />
		</marker>
		<tile id="2C69F218-1630-490C-A620-A6219C7C942B">
			<x>684</x>
			<y>252</y>
			<width>36</width>
			<height>36</height>
			<rotation>0</rotation>
			<opacity>1.0</opacity>
			<layer>dm</layer>
			<zIndex>0</zIndex>
			<hidden>NO</hidden>
			<locked>NO</locked>
			<asset id="20F549AA-7817-4876-831F-994B416412A0">
				<name>Light 1</name>
				<slug>light-1</slug>
				<type></type>
				<resource />
			</asset>
			<light id="B15F6550-60C2-432E-A95E-AEB69DC34F6F">
				<enabled>YES</enabled>
				<radiusMin>5</radiusMin>
				<radiusMax>5</radiusMax>
				<color>#eaefca</color>
				<opacity>0.3</opacity>
				<alwaysVisible>NO</alwaysVisible>
			</light>
		</tile>
		<tile id="4C75CFAB-E111-4F18-B2BB-6400B9473A20">
			<x>693</x>
			<y>240</y>
			<width>36</width>
			<height>36</height>
			<rotation>0</rotation>
			<opacity>1.0</opacity>
			<layer>dm</layer>
			<zIndex>0</zIndex>
			<hidden>NO</hidden>
			<locked>NO</locked>
			<asset id="5D62E437-535D-4727-9A01-728BE8FED678">
				<name>Light 2</name>
				<slug>light-2</slug>
				<type></type>
				<resource />
			</asset>
			<light id="48CB2377-1518-4B43-A5C0-8D863E5116CD">
				<enabled>YES</enabled>
				<radiusMin>5</radiusMin>
				<radiusMax>25</radiusMax>
				<color>#ffeccd8b</color>
				<opacity>0.100000024</opacity>
				<alwaysVisible>NO</alwaysVisible>
			</light>
		</tile>
	</map>
</module>