<?xml version="1.0" encoding="utf-8" standalone="no"?>
<module id="982ef8cd-d49b-4c62-b901-8554acb83beb">
	<name>You Wished For Adventure</name>
	<description>A first level adventure for DND 5e and Encounter+</description>
	<slug>you-wished-for-adventure</slug>
	<author>nabdo</author>
	<code></code>
	<category>adventure</category>
	<image>cover.png</image>
	<encounter id="682EA68D-6EA5-4882-B4B4-A43B8F34E633" sort="5">
		<name>Snake Pit Snakes</name>
		<slug>snake-pit-snakes</slug>
		<description>The players unfortunately find themselves in a pit of huge snakes</description>
		<combatant>
			<label>G1</label>
			<monster ref="/monster/giant-poisonous-snake" />
		</combatant>
		<combatant>
			<label>P1</label>
			<monster ref="/monster/poisonous-snake" />
		</combatant>
		<combatant>
			<label>P2</label>
			<monster ref="/monster/poisonous-snake" />
		</combatant>
	</encounter>
</module>