<?xml version="1.0" encoding="utf-8" standalone="no"?>
<module id="982ef8cd-d49b-4c62-b901-8554acb83beb">
	<name>You Wished For Adventure</name>
	<description>A first level adventure for DND 5e and Encounter+</description>
	<slug>you-wished-for-adventure</slug>
	<author>nabdo</author>
	<code></code>
	<category>adventure</category>
	<image>cover.png</image>
	<encounter id="83A390BD-AB3A-4DA4-8EF3-710472038132" sort="6">
		<name>Traiq or Barlow</name>
		<slug>traiq-or-barlow</slug>
		<description>The final encounter of the mission gives the players a choice of who the ally with, the imp or the noble.</description>
		<combatant>
			<label>I1</label>
			<monster ref="/monster/imp" />
		</combatant>
		<combatant>
			<label>N1</label>
			<monster ref="/monster/noble" />
		</combatant>
		<combatant>
			<label>S1</label>
			<monster ref="/monster/swarm-of-rats" />
		</combatant>
	</encounter>
</module>