<?xml version="1.0" encoding="utf-8" standalone="no"?>
<module id="982ef8cd-d49b-4c62-b901-8554acb83beb">
	<name>You Wished For Adventure</name>
	<description>A first level adventure for DND 5e and Encounter+</description>
	<slug>you-wished-for-adventure</slug>
	<author>nabdo</author>
	<code></code>
	<category>adventure</category>
	<image>cover.png</image>
	<map id="4ee0be6a-abc9-5746-96f5-ea74c4186d2c" parent="271184eb-fde5-577b-81fe-1cf5e0a0abfc" sort="3">
		<name>Map - Underground Cistern</name>
		<slug>underground-cistern-map</slug>
		<description></description>
		<gridSize>72</gridSize>
		<gridOffsetX>0</gridOffsetX>
		<gridOffsetY>0</gridOffsetY>
		<gridColor>#cccccc</gridColor>
		<gridVisible>NO</gridVisible>
		<gridScale>5</gridScale>
		<gridUnits>ft</gridUnits>
		<gridType>square</gridType>
		<gridStyle>solid</gridStyle>
		<gridOpacity>1.0</gridOpacity>
		<scale>1.0</scale>
		<fogVisible>NO</fogVisible>
		<lineOfSight>NO</lineOfSight>
		<daylight>0.0</daylight>
		<image>under-the-cistern-dd2vtt_Ez6hA4.jpg</image>
		<video></video>
		<canvas>under-the-cistern-dd2vtt-canvas_959383.svg</canvas>
		<snapshot></snapshot>
		<fog></fog>
		<floor></floor>
		<marker>
			<name>Snake Pit</name>
			<label>C1</label>
			<color>#fdf6e3</color>
			<shape>pin</shape>
			<size>medium</size>
			<hidden>YES</hidden>
			<locked>YES</locked>
			<x>995</x>
			<y>1353</y>
			<content ref="/page/c1-snake-pit-starting-area" />
		</marker>
		<marker>
			<name>Dead Villagers</name>
			<label>C2</label>
			<color>#fdf6e3</color>
			<shape>pin</shape>
			<size>medium</size>
			<hidden>YES</hidden>
			<locked>YES</locked>
			<x>318</x>
			<y>1153</y>
			<content ref="/page/c2-dead-villagers" />
		</marker>
		<marker>
			<name>Cavern Junction</name>
			<label>C3</label>
			<color>#fdf6e3</color>
			<shape>pin</shape>
			<size>medium</size>
			<hidden>YES</hidden>
			<locked>YES</locked>
			<x>714</x>
			<y>822</y>
			<content ref="/page/c3-cavern-junction" />
		</marker>
		<marker>
			<name>Secret Tunnel</name>
			<label>C5</label>
			<color>#fdf6e3</color>
			<shape>pin</shape>
			<size>medium</size>
			<hidden>YES</hidden>
			<locked>YES</locked>
			<x>282</x>
			<y>640</y>
			<content ref="/page/c5-secret-tunnel-and-dead-end" />
		</marker>
		<marker>
			<name>Imprisoned Survivors</name>
			<label>C4</label>
			<color>#fdf6e3</color>
			<shape>pin</shape>
			<size>medium</size>
			<hidden>YES</hidden>
			<locked>YES</locked>
			<x>1012</x>
			<y>727</y>
			<content ref="/page/c4-imprisoned-survivors" />
		</marker>
		<marker>
			<name>The Cistern</name>
			<label>C6</label>
			<color>#fdf6e3</color>
			<shape>pin</shape>
			<size>medium</size>
			<hidden>YES</hidden>
			<locked>YES</locked>
			<x>686</x>
			<y>407</y>
			<content ref="/page/c6-the-cistern" />
		</marker>
		<tile id="4C75CFAB-E111-4F18-B2BB-6400B9473A20">
			<x>681</x>
			<y>250</y>
			<width>36</width>
			<height>36</height>
			<rotation>0</rotation>
			<opacity>1.0</opacity>
			<layer>dm</layer>
			<zIndex>0</zIndex>
			<hidden>NO</hidden>
			<locked>NO</locked>
			<light id="48CB2377-1518-4B43-A5C0-8D863E5116CD">
				<enabled>YES</enabled>
				<radiusMin>5</radiusMin>
				<radiusMax>25</radiusMax>
				<color>#ffeccd8b</color>
				<opacity>0.100000024</opacity>
				<alwaysVisible>NO</alwaysVisible>
			</light>
		</tile>
		<tile id="03287EDE-1923-4C76-8860-ED7137DE91AE">
			<x>900</x>
			<y>1332</y>
			<rotation>0</rotation>
			<elevation>0</elevation>
			<opacity>1.0</opacity>
			<hidden>NO</hidden>
			<locked>NO</locked>
			<light id="28F0C830-2391-4067-9CB8-64289A531484">
				<enabled>YES</enabled>
				<radiusMin>10</radiusMin>
				<radiusMax>15</radiusMax>
				<color>#ffffff</color>
				<opacity>0.5</opacity>
				<alwaysVisible>NO</alwaysVisible>
			</light>
		</tile>
		<wall id="A17F8F11-B9B2-4DCD-908A-EF96EAFAF3D4">
			<data>409.0,449.0,504.0,576.0,684.0,576.0</data>
			<color>#ff8000</color>
		</wall>
		<wall id="AE43376F-4E6D-4019-B14D-CA88098975B7">
			<data>763.0,576.0,936.0,576.0,1152.0,288.0,1152.0,72.0,720.0,72.0,720.0,0.0</data>
			<color>#ff8000</color>
		</wall>
		<wall id="E0384014-5D59-4FE2-A673-592F777D290B">
			<data>378.0,411.0,383.0,417.0</data>
			<color>#ff0000</color>
		</wall>
		<wall id="A6198429-B53D-41DE-AD88-49EFD4748DB7">
			<data>389.0,425.0,393.0,430.0</data>
			<color>#ff0000</color>
		</wall>
		<wall id="F6BEAC5F-FCB8-40A6-BA65-F6E47E88739C">
			<data>398.0,439.0,401.0,444.0</data>
			<color>#ff0000</color>
		</wall>
		<wall id="D0F1BF1B-28D1-4899-ADF2-373A7E29C01C">
			<data>684.0,576.0,763.0,576.0</data>
			<color>#00ffff</color>
			<type>door</type>
		</wall>
		<wall id="A34D835B-A36A-4A50-A17D-E77EF3ADE984">
			<data>648.0,0.0,648.0,72.0,288.0,72.0,288.0,288.0,367.0,394.0</data>
			<color>#ff8000</color>
		</wall>
		<wall id="6B11EB82-DFD8-4671-B885-2C7A45FDD515">
			<data>763.0,576.0,766.0,715.0,977.0,711.0,1022.0,613.0,1066.0,570.0,1127.0,565.0,1183.0,612.0,1175.0,719.0,1159.0,745.0,1180.0,794.0,1172.0,834.0,1152.0,875.0,1086.0,936.0,1040.0,943.0,983.0,940.0,963.0,916.0,973.0,871.0,988.0,849.0,940.0,780.0,866.0,784.0,795.0,777.0,764.0,793.0,759.0,881.0,702.0,990.0,654.0,1045.0,601.0,1066.0,569.0,1072.0,549.0,1088.0,497.0,1092.0,437.0,1155.0,352.0,1162.0,348.0,1191.0,383.0,1204.0,441.0,1254.0,469.0,1270.0,504.0,1260.0,520.0,1290.0,555.0,1290.0,589.0,1310.0,640.0,1308.0,747.0,1305.0,743.0,1267.0,788.0,1154.0,828.0,1080.0,916.0,981.0,1008.0,960.0,1067.0,970.0,1160.0,1061.0,1173.0,1186.0,1162.0,1261.0,1140.0,1298.0,1142.0,1403.0,1103.0,1465.0,1039.0,1486.0,954.0,1535.0,848.0,1539.0,792.0,1476.0,742.0,1484.0,699.0,1449.0,624.0,1425.0,566.0,1449.0,490.0,1447.0,468.0,1429.0,424.0,1425.0,374.0,1353.0,367.0,1304.0,334.0,1297.0,316.0,1319.0,276.0,1391.0,198.0,1397.0,164.0,1391.0,84.0,1334.0,84.0,1266.0,72.0,1242.0,63.0,1137.0,90.0,1091.0,162.0,1044.0,216.0,1001.0,269.0,945.0,247.0,913.0,245.0,853.0,208.0,790.0,208.0,606.0,225.0,569.0,230.0,516.0,294.0,449.0,308.0,401.0,342.0,389.0,367.0,394.0</data>
			<color>#ff7f00</color>
		</wall>
		<wall id="80E73E70-7E2C-400B-B35A-187CD662573A">
			<data>409.0,449.0,402.0,487.0,334.0,541.0,328.0,565.0,278.0,611.0,284.0,709.0,329.0,799.0,324.0,846.0,342.0,900.0,351.0,928.0,411.0,929.0,471.0,925.0,522.0,954.0,540.0,990.0,560.0,989.0,612.0,936.0,648.0,882.0,675.0,813.0,681.0,768.0,665.0,758.0,617.0,761.0,536.0,731.0,491.0,728.0,421.0,700.0,342.0,684.0,304.0,674.0,303.0,624.0,364.0,621.0,432.0,612.0,471.0,641.0,508.0,638.0,528.0,654.0,564.0,658.0,630.0,684.0,661.0,694.0,674.0,675.0,684.0,630.0,648.0,594.0,684.0,576.0</data>
			<color>#ff7f00</color>
		</wall>
		<wall id="5E36D295-1817-4AB6-83F7-4610BC189F46">
			<data>269.0,945.0,351.0,928.0</data>
			<color>#00ffff</color>
			<type>secretDoor</type>
		</wall>
		<wall id="143B2A81-75A2-4640-9A66-6F133C2B4C2C">
			<data>844.0,1097.0,881.0,1083.0,904.0,1108.0,866.0,1145.0,847.0,1148.0,829.0,1123.0,844.0,1097.0</data>
			<color>#ffff00</color>
			<type>terrain</type>
		</wall>
		<wall id="B30B8460-72FC-44C4-9B17-ECB7694A5125">
			<data>804.0,1177.0,839.0,1164.0,853.0,1186.0,839.0,1216.0,809.0,1206.0,804.0,1179.0</data>
			<color>#ffff00</color>
			<type>terrain</type>
		</wall>
		<wall id="FFF90CF6-96FB-44B5-ACFA-CA8ACABD041E">
			<data>220.0,1395.0,220.0,1362.0,234.0,1340.0,260.0,1340.0,286.0,1371.0</data>
			<color>#ffff00</color>
			<type>terrain</type>
		</wall>
	</map>
</module>